<?xml version="1.0" encoding="UTF-8"?>
<header class="navbar navbar-default wh_header"
     xmlns="http://www.w3.org/1999/xhtml"
     xmlns:whc="http://www.oxygenxml.com/webhelp/components">
    <div class="container-fluid navbar-expand-md">
        <div class="wh_header_flex_container navbar-nav navbar-dark">
            <div class="wh_logo_and_publication_title_container">
                <div class="wh_logo_and_publication_title">
                    <whc:include_html href="${webhelp.fragment.before.logo_and_title}"/>
                    <whc:webhelp_logo class="d-none d-sm-block"/>
                    <whc:webhelp_publication_title/>
                    <whc:include_html href="${webhelp.fragment.after.logo_and_title}"/>
                </div>
                
                <button type="button" data-bs-target="#wh_top_menu_and_indexterms_link" id="wh_menu_mobile_button" 
                    data-bs-toggle="collapse" class="navbar-toggler collapsed wh_toggle_button"
                    aria-expanded="false" aria-label="${i18n(toggle.menu)}"
                    aria-controls="wh_top_menu_and_indexterms_link">
                    <span class="navbar-toggler-icon"></span>
                </button>
            </div>

            <div class="wh_top_menu_and_indexterms_link collapse navbar-collapse" id="wh_top_menu_and_indexterms_link">
                <whc:include_html href="${webhelp.fragment.before.top_menu}"/>
                <whc:webhelp_top_menu />
                <whc:webhelp_indexterms_link/>
                <whc:include_html href="${webhelp.fragment.after.top_menu}"/>
            </div>
        </div>
    </div>
</header>
